tedx_2_attendee@gmail.com,Accounting Specialist,Administrative Assistant,Accounting Specialist,Adult Literacy and Remedial Education Teachers,Administrative Assistant,Agricultural Engineer,Agricultural Inspector,Agricultural Engineer,Adult Literacy and Remedial Education Teachers,Able Seamen
tedx_3_attendee@gmail.com,Able Seamen,Accounting Specialist,Advertising Agency Coordinator,Aerospace Engineering Technician,Agricultural Engineer,Accounting Specialist,Agricultural Engineer,Agricultural Sciences Professor,Aerospace Engineering Technician,Administrative Assistant
tedx_4_attendee@gmail.com,Agricultural Sciences Professor,Administrative Service Manager,Adult Literacy and Remedial Education Teachers,Administrative Service Manager,Accounting Specialist,Adult Literacy and Remedial Education Teachers,Aerospace Engineering Technician,Adult Literacy and Remedial Education Teachers,Agricultural Sciences Professor,Administrative Service Manager
tedx_5_attendee@gmail.com,Able Seamen,Administrative Assistant,Adult Literacy and Remedial Education Teachers,Agricultural Inspector,Adult Literacy and Remedial Education Teachers,Advertising Agency Coordinator,Accounting Specialist,Aerospace Engineering Technician,Agricultural Engineer,Agricultural Sciences Professor
tedx_6_attendee@gmail.com,Able Seamen,Agricultural Engineer,Accounting Specialist,Administrative Assistant,Agricultural Sciences Professor,Administrative Service Manager,Agricultural Inspector,Aerospace Engineering Technician,Adult Literacy and Remedial Education Teachers,Administrative Service Manager
tedx_7_attendee@gmail.com,Aerospace Engineering Technician,Administrative Service Manager,Accounting Specialist,Adult Literacy and Remedial Education Teachers,Able Seamen,Agricultural Sciences Professor,Advertising Agency Coordinator,Agricultural Sciences Professor,Able Seamen,Aerospace Engineering Technician
tedx_8_attendee@gmail.com,Accounting Specialist,Advertising Agency Coordinator,Agricultural Inspector,Administrative Assistant,Agricultural Engineer,Able Seamen,Aerospace Engineering Technician,Administrative Service Manager,Adult Literacy and Remedial Education Teachers,Adult Literacy and Remedial Education Teachers
tedx_9_attendee@gmail.com,Administrative Assistant,Accounting Specialist,Aerospace Engineering Technician,Administrative Assistant,Administrative Service Manager,Able Seamen,Agricultural Inspector,Agricultural Sciences Professor,Accounting Specialist,Administrative Assistant
tedx_10_attendee@gmail.com,Accounting Specialist,Accounting Specialist,Administrative Assistant,Advertising Agency Coordinator,Accounting Specialist,Administrative Assistant,Adult Literacy and Remedial Education Teachers,Agricultural Sciences Professor,Administrative Service Manager,Accounting Specialist
tedx_11_attendee@gmail.com,Adult Literacy and Remedial Education Teachers,Accounting Specialist,Agricultural Engineer,Administrative Service Manager,Agricultural Inspector,Administrative Service Manager,Agricultural Inspector,Accounting Specialist,Agricultural Inspector,Able Seamen
tedx_12_attendee@gmail.com,Advertising Agency Coordinator,Aerospace Engineering Technician,Able Seamen,Able Seamen,Administrative Assistant,Agricultural Inspector,Administrative Assistant,Administrative Service Manager,Advertising Agency Coordinator,Administrative Assistant
tedx_13_attendee@gmail.com,Agricultural Engineer,Agricultural Sciences Professor,Agricultural Engineer,Agricultural Inspector,Administrative Service Manager,Aerospace Engineering Technician,Administrative Service Manager,Administrative Service Manager,Advertising Agency Coordinator,Administrative Assistant
tedx_14_attendee@gmail.com,Advertising Agency Coordinator,Agricultural Sciences Professor,Able Seamen,Agricultural Sciences Professor,Adult Literacy and Remedial Education Teachers,Administrative Service Manager,Aerospace Engineering Technician,Adult Literacy and Remedial Education Teachers,Adult Literacy and Remedial Education Teachers,Advertising Agency Coordinator
tedx_15_attendee@gmail.com,Adult Literacy and Remedial Education Teachers,Able Seamen,Adult Literacy and Remedial Education Teachers,Able Seamen,Adult Literacy and Remedial Education Teachers,Able Seamen,Agricultural Engineer,Agricultural Inspector,Advertising Agency Coordinator,Adult Literacy and Remedial Education Teachers
tedx_16_attendee@gmail.com,Agricultural Inspector,Agricultural Inspector,Administrative Assistant,Administrative Service Manager,Accounting Specialist,Accounting Specialist,Able Seamen,Advertising Agency Coordinator,Administrative Service Manager,Aerospace Engineering Technician
tedx_17_attendee@gmail.com,Able Seamen,Aerospace Engineering Technician,Administrative Assistant,Able Seamen,Agricultural Engineer,Agricultural Sciences Professor,Administrative Service Manager,Agricultural Inspector,Administrative Assistant,Administrative Assistant
tedx_18_attendee@gmail.com,Able Seamen,Agricultural Sciences Professor,Accounting Specialist,Advertising Agency Coordinator,Administrative Assistant,Agricultural Engineer,Agricultural Sciences Professor,Administrative Service Manager,Agricultural Engineer,Able Seamen
tedx_19_attendee@gmail.com,Adult Literacy and Remedial Education Teachers,Administrative Assistant,Agricultural Engineer,Adult Literacy and Remedial Education Teachers,Administrative Service Manager,Adult Literacy and Remedial Education Teachers,Accounting Specialist,Able Seamen,Adult Literacy and Remedial Education Teachers,Agricultural Engineer
tedx_20_attendee@gmail.com,Accounting Specialist,Agricultural Inspector,Agricultural Inspector,Adult Literacy and Remedial Education Teachers,Able Seamen,Aerospace Engineering Technician,Agricultural Inspector,Accounting Specialist,Able Seamen,Aerospace Engineering Technician
tedx_21_attendee@gmail.com,Accounting Specialist,Adult Literacy and Remedial Education Teachers,Aerospace Engineering Technician,Agricultural Engineer,Accounting Specialist,Administrative Assistant,Administrative Service Manager,Agricultural Engineer,Administrative Assistant,Aerospace Engineering Technician
tedx_22_attendee@gmail.com,Advertising Agency Coordinator,Aerospace Engineering Technician,Administrative Assistant,Accounting Specialist,Agricultural Engineer,Administrative Assistant,Accounting Specialist,Adult Literacy and Remedial Education Teachers,Administrative Service Manager,Adult Literacy and Remedial Education Teachers
tedx_23_attendee@gmail.com,Agricultural Sciences Professor,Agricultural Inspector,Accounting Specialist,Adult Literacy and Remedial Education Teachers,Administrative Assistant,Adult Literacy and Remedial Education Teachers,Advertising Agency Coordinator,Administrative Assistant,Administrative Service Manager,Administrative Assistant
tedx_24_attendee@gmail.com,Agricultural Inspector,Agricultural Inspector,Agricultural Engineer,Agricultural Engineer,Advertising Agency Coordinator,Adult Literacy and Remedial Education Teachers,Agricultural Engineer,Aerospace Engineering Technician,Agricultural Inspector,Agricultural Sciences Professor
tedx_25_attendee@gmail.com,Administrative Assistant,Adult Literacy and Remedial Education Teachers,Adult Literacy and Remedial Education Teachers,Aerospace Engineering Technician,Adult Literacy and Remedial Education Teachers,Able Seamen,Accounting Specialist,Aerospace Engineering Technician,Agricultural Sciences Professor,Administrative Service Manager
tedx_26_attendee@gmail.com,Administrative Service Manager,Accounting Specialist,Agricultural Sciences Professor,Administrative Service Manager,Able Seamen,Accounting Specialist,Adult Literacy and Remedial Education Teachers,Agricultural Sciences Professor,Advertising Agency Coordinator,Able Seamen
tedx_27_attendee@gmail.com,Agricultural Sciences Professor,Agricultural Inspector,Agricultural Inspector,Agricultural Sciences Professor,Agricultural Inspector,Agricultural Inspector,Aerospace Engineering Technician,Agricultural Inspector,Agricultural Sciences Professor,Adult Literacy and Remedial Education Teachers
tedx_28_attendee@gmail.com,Accounting Specialist,Advertising Agency Coordinator,Agricultural Inspector,Adult Literacy and Remedial Education Teachers,Aerospace Engineering Technician,Agricultural Engineer,Agricultural Engineer,Administrative Assistant,Administrative Service Manager,Accounting Specialist
tedx_29_attendee@gmail.com,Agricultural Engineer,Agricultural Inspector,Administrative Service Manager,Adult Literacy and Remedial Education Teachers,Able Seamen,Adult Literacy and Remedial Education Teachers,Accounting Specialist,Aerospace Engineering Technician,Aerospace Engineering Technician,Accounting Specialist
tedx_30_attendee@gmail.com,Adult Literacy and Remedial Education Teachers,Adult Literacy and Remedial Education Teachers,Accounting Specialist,Accounting Specialist,Adult Literacy and Remedial Education Teachers,Agricultural Sciences Professor,Advertising Agency Coordinator,Agricultural Engineer,Able Seamen,Administrative Assistant
tedx_31_attendee@gmail.com,Accounting Specialist,Agricultural Engineer,Administrative Service Manager,Aerospace Engineering Technician,Able Seamen,Aerospace Engineering Technician,Advertising Agency Coordinator,Aerospace Engineering Technician,Administrative Service Manager,Administrative Service Manager
tedx_32_attendee@gmail.com,Able Seamen,Aerospace Engineering Technician,Administrative Assistant,Administrative Service Manager,Agricultural Engineer,Administrative Service Manager,Advertising Agency Coordinator,Agricultural Inspector,Accounting Specialist,Administrative Service Manager
tedx_33_attendee@gmail.com,Adult Literacy and Remedial Education Teachers,Administrative Service Manager,Accounting Specialist,Able Seamen,Administrative Assistant,Aerospace Engineering Technician,Aerospace Engineering Technician,Accounting Specialist,Advertising Agency Coordinator,Administrative Service Manager
tedx_34_attendee@gmail.com,Administrative Assistant,Able Seamen,Able Seamen,Adult Literacy and Remedial Education Teachers,Administrative Assistant,Agricultural Sciences Professor,Agricultural Engineer,Able Seamen,Administrative Assistant,Adult Literacy and Remedial Education Teachers
tedx_35_attendee@gmail.com,Accounting Specialist,Accounting Specialist,Able Seamen,Able Seamen,Agricultural Engineer,Advertising Agency Coordinator,Adult Literacy and Remedial Education Teachers,Agricultural Inspector,Agricultural Sciences Professor,Administrative Assistant
tedx_36_attendee@gmail.com,Advertising Agency Coordinator,Administrative Assistant,Administrative Assistant,Agricultural Engineer,Agricultural Engineer,Able Seamen,Administrative Service Manager,Agricultural Sciences Professor,Able Seamen,Agricultural Inspector
tedx_37_attendee@gmail.com,Agricultural Engineer,Accounting Specialist,Aerospace Engineering Technician,Administrative Service Manager,Administrative Assistant,Agricultural Sciences Professor,Agricultural Sciences Professor,Aerospace Engineering Technician,Agricultural Sciences Professor,Able Seamen
tedx_38_attendee@gmail.com,Agricultural Engineer,Able Seamen,Aerospace Engineering Technician,Administrative Service Manager,Able Seamen,Adult Literacy and Remedial Education Teachers,Able Seamen,Agricultural Engineer,Advertising Agency Coordinator,Agricultural Sciences Professor
tedx_39_attendee@gmail.com,Agricultural Engineer,Agricultural Engineer,Accounting Specialist,Aerospace Engineering Technician,Administrative Service Manager,Agricultural Inspector,Agricultural Inspector,Advertising Agency Coordinator,Agricultural Inspector,Administrative Assistant
tedx_40_attendee@gmail.com,Aerospace Engineering Technician,Able Seamen,Adult Literacy and Remedial Education Teachers,Advertising Agency Coordinator,Agricultural Engineer,Agricultural Inspector,Able Seamen,Agricultural Sciences Professor,Agricultural Sciences Professor,Accounting Specialist
tedx_41_attendee@gmail.com,Able Seamen,Adult Literacy and Remedial Education Teachers,Advertising Agency Coordinator,Administrative Assistant,Aerospace Engineering Technician,Agricultural Engineer,Administrative Assistant,Advertising Agency Coordinator,Administrative Assistant,Agricultural Engineer
tedx_42_attendee@gmail.com,Administrative Assistant,Administrative Service Manager,Agricultural Engineer,Accounting Specialist,Administrative Assistant,Aerospace Engineering Technician,Aerospace Engineering Technician,Administrative Service Manager,Advertising Agency Coordinator,Agricultural Engineer
tedx_43_attendee@gmail.com,Administrative Service Manager,Agricultural Engineer,Aerospace Engineering Technician,Agricultural Sciences Professor,Agricultural Sciences Professor,Advertising Agency Coordinator,Agricultural Sciences Professor,Administrative Assistant,Agricultural Engineer,Adult Literacy and Remedial Education Teachers
tedx_44_attendee@gmail.com,Able Seamen,Agricultural Engineer,Advertising Agency Coordinator,Able Seamen,Adult Literacy and Remedial Education Teachers,Adult Literacy and Remedial Education Teachers,Agricultural Sciences Professor,Agricultural Engineer,Agricultural Sciences Professor,Adult Literacy and Remedial Education Teachers
tedx_45_attendee@gmail.com,Agricultural Inspector,Agricultural Sciences Professor,Accounting Specialist,Adult Literacy and Remedial Education Teachers,Advertising Agency Coordinator,Advertising Agency Coordinator,Agricultural Engineer,Agricultural Inspector,Accounting Specialist,Adult Literacy and Remedial Education Teachers
tedx_46_attendee@gmail.com,Agricultural Inspector,Able Seamen,Administrative Assistant,Advertising Agency Coordinator,Able Seamen,Agricultural Inspector,Adult Literacy and Remedial Education Teachers,Administrative Service Manager,Aerospace Engineering Technician,Administrative Assistant
tedx_47_attendee@gmail.com,Accounting Specialist,Administrative Service Manager,Able Seamen,Aerospace Engineering Technician,Administrative Assistant,Adult Literacy and Remedial Education Teachers,Accounting Specialist,Adult Literacy and Remedial Education Teachers,Advertising Agency Coordinator,Able Seamen
tedx_48_attendee@gmail.com,Adult Literacy and Remedial Education Teachers,Adult Literacy and Remedial Education Teachers,Adult Literacy and Remedial Education Teachers,Aerospace Engineering Technician,Agricultural Engineer,Adult Literacy and Remedial Education Teachers,Adult Literacy and Remedial Education Teachers,Aerospace Engineering Technician,Administrative Assistant,Adult Literacy and Remedial Education Teachers
tedx_49_attendee@gmail.com,Agricultural Inspector,Agricultural Engineer,Administrative Service Manager,Agricultural Inspector,Able Seamen,Able Seamen,Agricultural Engineer,Agricultural Inspector,Able Seamen,Agricultural Engineer
tedx_50_attendee@gmail.com,Able Seamen,Agricultural Engineer,Adult Literacy and Remedial Education Teachers,Administrative Service Manager,Advertising Agency Coordinator,Agricultural Sciences Professor,Administrative Service Manager,Adult Literacy and Remedial Education Teachers,Accounting Specialist,Aerospace Engineering Technician
tedx_51_attendee@gmail.com,Advertising Agency Coordinator,Adult Literacy and Remedial Education Teachers,Agricultural Engineer,Agricultural Sciences Professor,Adult Literacy and Remedial Education Teachers,Able Seamen,Agricultural Engineer,Aerospace Engineering Technician,Accounting Specialist,Advertising Agency Coordinator
