tedx_2_attendee@gmail.com,Aerospace Engineering Technician
,Accounting Specialist
,Agricultural Sciences Professor
,Agricultural Inspector
,Aerospace Engineering Technician
,Advertising Agency Coordinator
,Agricultural Engineer
,Advertising Agency Coordinator
,Advertising Agency Coordinator
,Administrative Service Manager

tedx_3_attendee@gmail.com,Administrative Service Manager
,Adult Literacy and Remedial Education Teachers
,Advertising Agency Coordinator
,Administrative Assistant
,Advertising Agency Coordinator
,Aerospace Engineering Technician
,Agricultural Inspector
,Agricultural Sciences Professor
,Able Seamen
,Adult Literacy and Remedial Education Teachers

tedx_4_attendee@gmail.com,Administrative Service Manager
,Accounting Specialist
,Agricultural Sciences Professor
,Advertising Agency Coordinator
,Aerospace Engineering Technician
,Administrative Assistant
,Agricultural Inspector
,Able Seamen
,Agricultural Inspector
,Advertising Agency Coordinator

tedx_5_attendee@gmail.com,Administrative Assistant
,Agricultural Engineer
,Aerospace Engineering Technician
,Agricultural Sciences Professor
,Aerospace Engineering Technician
,Aerospace Engineering Technician
,Administrative Assistant
,Able Seamen
,Agricultural Sciences Professor
,Able Seamen

tedx_6_attendee@gmail.com,Agricultural Sciences Professor
,Accounting Specialist
,Agricultural Sciences Professor
,Agricultural Inspector
,Advertising Agency Coordinator
,Able Seamen
,Agricultural Engineer
,Agricultural Inspector
,Accounting Specialist
,Agricultural Engineer

tedx_7_attendee@gmail.com,Agricultural Engineer
,Able Seamen
,Agricultural Inspector
,Accounting Specialist
,Agricultural Inspector
,Adult Literacy and Remedial Education Teachers
,Agricultural Engineer
,Able Seamen
,Agricultural Sciences Professor
,Adult Literacy and Remedial Education Teachers

tedx_8_attendee@gmail.com,Administrative Service Manager
,Agricultural Inspector
,Administrative Assistant
,Accounting Specialist
,Administrative Service Manager
,Able Seamen
,Aerospace Engineering Technician
,Administrative Service Manager
,Accounting Specialist
,Administrative Service Manager

tedx_9_attendee@gmail.com,Administrative Assistant
,Agricultural Inspector
,Agricultural Sciences Professor
,Agricultural Sciences Professor
,Agricultural Inspector
,Accounting Specialist
,Agricultural Sciences Professor
,Able Seamen
,Administrative Assistant
,Adult Literacy and Remedial Education Teachers

tedx_10_attendee@gmail.com,Agricultural Engineer
,Agricultural Engineer
,Agricultural Engineer
,Able Seamen
,Agricultural Inspector
,Able Seamen
,Aerospace Engineering Technician
,Agricultural Inspector
,Agricultural Engineer
,Able Seamen

tedx_11_attendee@gmail.com,Agricultural Inspector
,Aerospace Engineering Technician
,Administrative Service Manager
,Advertising Agency Coordinator
,Agricultural Inspector
,Adult Literacy and Remedial Education Teachers
,Accounting Specialist
,Administrative Assistant
,Administrative Service Manager
,Agricultural Sciences Professor

tedx_12_attendee@gmail.com,Agricultural Engineer
,Advertising Agency Coordinator
,Able Seamen
,Administrative Service Manager
,Agricultural Engineer
,Administrative Assistant
,Administrative Service Manager
,Agricultural Inspector
,Able Seamen
,Accounting Specialist

tedx_13_attendee@gmail.com,Administrative Service Manager
,Aerospace Engineering Technician
,Adult Literacy and Remedial Education Teachers
,Agricultural Inspector
,Aerospace Engineering Technician
,Advertising Agency Coordinator
,Agricultural Sciences Professor
,Adult Literacy and Remedial Education Teachers
,Adult Literacy and Remedial Education Teachers
,Agricultural Inspector

tedx_14_attendee@gmail.com,Able Seamen
,Agricultural Engineer
,Adult Literacy and Remedial Education Teachers
,Adult Literacy and Remedial Education Teachers
,Agricultural Engineer
,Administrative Service Manager
,Administrative Assistant
,Adult Literacy and Remedial Education Teachers
,Agricultural Engineer
,Agricultural Engineer

tedx_15_attendee@gmail.com,Aerospace Engineering Technician
,Accounting Specialist
,Aerospace Engineering Technician
,Advertising Agency Coordinator
,Agricultural Sciences Professor
,Able Seamen
,Administrative Assistant
,Agricultural Inspector
,Advertising Agency Coordinator
,Adult Literacy and Remedial Education Teachers

tedx_16_attendee@gmail.com,Administrative Service Manager
,Administrative Assistant
,Agricultural Sciences Professor
,Administrative Service Manager
,Adult Literacy and Remedial Education Teachers
,Agricultural Engineer
,Aerospace Engineering Technician
,Accounting Specialist
,Agricultural Inspector
,Agricultural Sciences Professor

tedx_17_attendee@gmail.com,Advertising Agency Coordinator
,Adult Literacy and Remedial Education Teachers
,Administrative Assistant
,Aerospace Engineering Technician
,Administrative Service Manager
,Adult Literacy and Remedial Education Teachers
,Able Seamen
,Agricultural Sciences Professor
,Administrative Service Manager
,Adult Literacy and Remedial Education Teachers

tedx_18_attendee@gmail.com,Administrative Assistant
,Administrative Service Manager
,Adult Literacy and Remedial Education Teachers
,Agricultural Inspector
,Agricultural Sciences Professor
,Accounting Specialist
,Accounting Specialist
,Administrative Assistant
,Administrative Service Manager
,Agricultural Inspector

tedx_19_attendee@gmail.com,Aerospace Engineering Technician
,Aerospace Engineering Technician
,Advertising Agency Coordinator
,Agricultural Sciences Professor
,Agricultural Inspector
,Agricultural Engineer
,Adult Literacy and Remedial Education Teachers
,Accounting Specialist
,Agricultural Inspector
,Agricultural Sciences Professor

tedx_20_attendee@gmail.com,Administrative Service Manager
,Able Seamen
,Agricultural Inspector
,Agricultural Inspector
,Able Seamen
,Able Seamen
,Adult Literacy and Remedial Education Teachers
,Advertising Agency Coordinator
,Agricultural Sciences Professor
,Agricultural Engineer

tedx_21_attendee@gmail.com,Agricultural Engineer
,Agricultural Engineer
,Aerospace Engineering Technician
,Able Seamen
,Aerospace Engineering Technician
,Administrative Service Manager
,Administrative Assistant
,Adult Literacy and Remedial Education Teachers
,Administrative Service Manager
,Administrative Assistant

tedx_22_attendee@gmail.com,Adult Literacy and Remedial Education Teachers
,Aerospace Engineering Technician
,Advertising Agency Coordinator
,Accounting Specialist
,Agricultural Engineer
,Accounting Specialist
,Administrative Assistant
,Administrative Service Manager
,Agricultural Inspector
,Able Seamen

tedx_23_attendee@gmail.com,Advertising Agency Coordinator
,Able Seamen
,Administrative Assistant
,Advertising Agency Coordinator
,Aerospace Engineering Technician
,Able Seamen
,Agricultural Engineer
,Agricultural Inspector
,Administrative Service Manager
,Accounting Specialist

tedx_24_attendee@gmail.com,Adult Literacy and Remedial Education Teachers
,Able Seamen
,Administrative Service Manager
,Able Seamen
,Administrative Assistant
,Able Seamen
,Agricultural Engineer
,Administrative Service Manager
,Administrative Service Manager
,Accounting Specialist

tedx_25_attendee@gmail.com,Agricultural Inspector
,Aerospace Engineering Technician
,Administrative Assistant
,Administrative Assistant
,Aerospace Engineering Technician
,Able Seamen
,Administrative Service Manager
,Adult Literacy and Remedial Education Teachers
,Accounting Specialist
,Agricultural Sciences Professor

tedx_26_attendee@gmail.com,Agricultural Engineer
,Aerospace Engineering Technician
,Advertising Agency Coordinator
,Adult Literacy and Remedial Education Teachers
,Able Seamen
,Aerospace Engineering Technician
,Advertising Agency Coordinator
,Adult Literacy and Remedial Education Teachers
,Agricultural Inspector
,Agricultural Inspector

tedx_27_attendee@gmail.com,Aerospace Engineering Technician
,Able Seamen
,Able Seamen
,Accounting Specialist
,Advertising Agency Coordinator
,Accounting Specialist
,Agricultural Inspector
,Agricultural Sciences Professor
,Agricultural Sciences Professor
,Agricultural Engineer

tedx_28_attendee@gmail.com,Agricultural Sciences Professor
,Adult Literacy and Remedial Education Teachers
,Aerospace Engineering Technician
,Able Seamen
,Administrative Service Manager
,Administrative Service Manager
,Able Seamen
,Agricultural Inspector
,Able Seamen
,Administrative Assistant

tedx_29_attendee@gmail.com,Administrative Service Manager
,Able Seamen
,Accounting Specialist
,Agricultural Engineer
,Able Seamen
,Agricultural Sciences Professor
,Agricultural Engineer
,Agricultural Sciences Professor
,Aerospace Engineering Technician
,Administrative Service Manager

tedx_30_attendee@gmail.com,Agricultural Engineer
,Agricultural Inspector
,Able Seamen
,Administrative Service Manager
,Administrative Assistant
,Accounting Specialist
,Administrative Service Manager
,Aerospace Engineering Technician
,Aerospace Engineering Technician
,Advertising Agency Coordinator

tedx_31_attendee@gmail.com,Agricultural Sciences Professor
,Adult Literacy and Remedial Education Teachers
,Agricultural Inspector
,Aerospace Engineering Technician
,Agricultural Sciences Professor
,Administrative Assistant
,Agricultural Inspector
,Advertising Agency Coordinator
,Administrative Assistant
,Administrative Service Manager

tedx_32_attendee@gmail.com,Agricultural Inspector
,Advertising Agency Coordinator
,Advertising Agency Coordinator
,Agricultural Engineer
,Agricultural Sciences Professor
,Aerospace Engineering Technician
,Accounting Specialist
,Adult Literacy and Remedial Education Teachers
,Aerospace Engineering Technician
,Administrative Assistant

tedx_33_attendee@gmail.com,Administrative Assistant
,Adult Literacy and Remedial Education Teachers
,Agricultural Inspector
,Able Seamen
,Accounting Specialist
,Advertising Agency Coordinator
,Agricultural Engineer
,Adult Literacy and Remedial Education Teachers
,Administrative Service Manager
,Able Seamen

tedx_34_attendee@gmail.com,Administrative Assistant
,Agricultural Sciences Professor
,Aerospace Engineering Technician
,Able Seamen
,Agricultural Sciences Professor
,Administrative Assistant
,Administrative Assistant
,Agricultural Engineer
,Advertising Agency Coordinator
,Administrative Service Manager

tedx_35_attendee@gmail.com,Agricultural Engineer
,Agricultural Engineer
,Adult Literacy and Remedial Education Teachers
,Agricultural Engineer
,Administrative Service Manager
,Agricultural Inspector
,Administrative Assistant
,Agricultural Inspector
,Agricultural Engineer
,Adult Literacy and Remedial Education Teachers

tedx_36_attendee@gmail.com,Accounting Specialist
,Agricultural Sciences Professor
,Agricultural Engineer
,Agricultural Sciences Professor
,Accounting Specialist
,Agricultural Engineer
,Able Seamen
,Aerospace Engineering Technician
,Advertising Agency Coordinator
,Administrative Assistant

tedx_37_attendee@gmail.com,Able Seamen
,Administrative Assistant
,Adult Literacy and Remedial Education Teachers
,Aerospace Engineering Technician
,Administrative Assistant
,Able Seamen
,Accounting Specialist
,Administrative Assistant
,Agricultural Sciences Professor
,Agricultural Inspector

tedx_38_attendee@gmail.com,Agricultural Sciences Professor
,Able Seamen
,Accounting Specialist
,Advertising Agency Coordinator
,Aerospace Engineering Technician
,Agricultural Sciences Professor
,Administrative Service Manager
,Able Seamen
,Aerospace Engineering Technician
,Administrative Service Manager

tedx_39_attendee@gmail.com,Agricultural Inspector
,Agricultural Sciences Professor
,Able Seamen
,Advertising Agency Coordinator
,Agricultural Inspector
,Aerospace Engineering Technician
,Agricultural Engineer
,Agricultural Engineer
,Adult Literacy and Remedial Education Teachers
,Adult Literacy and Remedial Education Teachers

tedx_40_attendee@gmail.com,Accounting Specialist
,Aerospace Engineering Technician
,Aerospace Engineering Technician
,Agricultural Inspector
,Administrative Service Manager
,Agricultural Engineer
,Administrative Service Manager
,Able Seamen
,Adult Literacy and Remedial Education Teachers
,Administrative Service Manager

tedx_41_attendee@gmail.com,Adult Literacy and Remedial Education Teachers
,Advertising Agency Coordinator
,Aerospace Engineering Technician
,Able Seamen
,Aerospace Engineering Technician
,Adult Literacy and Remedial Education Teachers
,Adult Literacy and Remedial Education Teachers
,Administrative Service Manager
,Agricultural Engineer
,Adult Literacy and Remedial Education Teachers

tedx_42_attendee@gmail.com,Aerospace Engineering Technician
,Administrative Service Manager
,Agricultural Sciences Professor
,Aerospace Engineering Technician
,Advertising Agency Coordinator
,Advertising Agency Coordinator
,Advertising Agency Coordinator
,Agricultural Engineer
,Agricultural Inspector
,Agricultural Inspector

tedx_43_attendee@gmail.com,Administrative Service Manager
,Administrative Service Manager
,Agricultural Engineer
,Agricultural Sciences Professor
,Aerospace Engineering Technician
,Agricultural Sciences Professor
,Agricultural Sciences Professor
,Aerospace Engineering Technician
,Adult Literacy and Remedial Education Teachers
,Agricultural Inspector

tedx_44_attendee@gmail.com,Agricultural Engineer
,Agricultural Inspector
,Agricultural Sciences Professor
,Aerospace Engineering Technician
,Advertising Agency Coordinator
,Agricultural Sciences Professor
,Agricultural Inspector
,Advertising Agency Coordinator
,Administrative Assistant
,Adult Literacy and Remedial Education Teachers

tedx_45_attendee@gmail.com,Administrative Service Manager
,Agricultural Sciences Professor
,Able Seamen
,Agricultural Inspector
,Adult Literacy and Remedial Education Teachers
,Able Seamen
,Adult Literacy and Remedial Education Teachers
,Adult Literacy and Remedial Education Teachers
,Administrative Assistant
,Aerospace Engineering Technician

tedx_46_attendee@gmail.com,Able Seamen
,Administrative Service Manager
,Agricultural Inspector
,Agricultural Sciences Professor
,Administrative Assistant
,Administrative Assistant
,Agricultural Engineer
,Agricultural Inspector
,Aerospace Engineering Technician
,Accounting Specialist

tedx_47_attendee@gmail.com,Administrative Assistant
,Agricultural Engineer
,Advertising Agency Coordinator
,Administrative Assistant
,Agricultural Sciences Professor
,Adult Literacy and Remedial Education Teachers
,Agricultural Engineer
,Agricultural Sciences Professor
,Administrative Service Manager
,Administrative Assistant

tedx_48_attendee@gmail.com,Agricultural Inspector
,Administrative Assistant
,Advertising Agency Coordinator
,Able Seamen
,Able Seamen
,Agricultural Engineer
,Administrative Assistant
,Aerospace Engineering Technician
,Agricultural Sciences Professor
,Accounting Specialist

tedx_49_attendee@gmail.com,Aerospace Engineering Technician
,Agricultural Sciences Professor
,Able Seamen
,Administrative Service Manager
,Agricultural Engineer
,Aerospace Engineering Technician
,Agricultural Sciences Professor
,Advertising Agency Coordinator
,Accounting Specialist
,Accounting Specialist

tedx_50_attendee@gmail.com,Administrative Service Manager
,Adult Literacy and Remedial Education Teachers
,Able Seamen
,Agricultural Inspector
,Advertising Agency Coordinator
,Aerospace Engineering Technician
,Aerospace Engineering Technician
,Accounting Specialist
,Adult Literacy and Remedial Education Teachers
,Agricultural Engineer

tedx_51_attendee@gmail.com,Accounting Specialist
,Aerospace Engineering Technician
,Accounting Specialist
,Administrative Service Manager
,Accounting Specialist
,Administrative Service Manager
,Agricultural Engineer
,Administrative Service Manager
,Accounting Specialist
,Administrative Assistant

